Gene_Name,adipose_GWAS_locus,adipose_cis_eQTL
A2ML1,3.0,0.0
ABCA8,1.0,1.0
ABCB11,1.0,1.0
ABCC11,2.0,0.0
ABHD16A,0.0,2.0
ABHD3,2.0,0.0
ABO,1.0,0.0
ACAD11,2.0,0.0
ACADM,1.0,1.0
ACADS,3.0,3.0
ACE,1.0,0.0
ACHE,3.0,0.0
ACOX2,0.0,1.0
ACP2,0.0,2.0
ADAL,0.0,1.0
ADAMTS7,3.0,0.0
ADAMTS9,3.0,3.0
ADCY9,1.0,1.0
ADIPOQ,8.0,3.0
ADM,1.0,0.0
AFF1,4.0,1.0
AGER,0.0,1.0
AGPAT1,9.0,0.0
AIDA,0.0,1.0
AIF1,12.0,1.0
AK4,0.0,1.0
AK5,0.0,1.0
AKR1C2,0.0,1.0
AKR1C3,0.0,1.0
AKT1,1.0,0.0
ALAS1,0.0,3.0
ALDH2,0.0,1.0
ALDH8A1,0.0,1.0
ALG14,2.0,0.0
ALKBH1,0.0,1.0
ALMS1,0.0,1.0
ALOX5,1.0,0.0
ALPL,1.0,0.0
ALS2CR8,0.0,1.0
AMAC1L2,3.0,0.0
AMIGO1,0.0,1.0
AMPD3,1.0,1.0
ANGPTL3,3.0,0.0
ANGPTL4,1.0,0.0
ANK1,3.0,1.0
ANKS1A,1.0,0.0
ANPEP,0.0,1.0
ANTXR2,0.0,1.0
ANXA9,2.0,0.0
AP3D1,1.0,1.0
AP3S2,2.0,0.0
AP4M1,0.0,1.0
APCDD1,0.0,1.0
APOA1,5.0,0.0
APOA4,2.0,0.0
APOA5,3.0,0.0
APOB,8.0,5.0
APOC1,1.0,0.0
APOC2,1.0,0.0
APOC3,2.0,0.0
APOE,5.0,3.0
APOL6,0.0,1.0
APOM,0.0,2.0
APO_cluster,1.0,0.0
APP,0.0,1.0
ARF5,1.0,0.0
ARHGAP1,0.0,4.0
ARHGEF28,0.0,1.0
ARID1A,0.0,1.0
ARL15,2.0,0.0
ARL3,0.0,1.0
ARL6IP4,0.0,1.0
ARNT,0.0,1.0
ASAP3,3.0,1.0
ASB4,1.0,0.0
ASCC2,0.0,1.0
ATF6B,0.0,3.0
ATG4C,1.0,0.0
ATG7,2.0,1.0
ATP2A1,4.0,0.0
ATP5G1,2.0,0.0
ATP6V0A2,2.0,1.0
ATRAID,0.0,4.0
ATXN2L,0.0,3.0
B3GALT4,1.0,0.0
BAG6,9.0,2.0
BBS4,0.0,1.0
BCAP29,0.0,1.0
BCL7B,0.0,1.0
BDNF,2.0,0.0
BEST1,1.0,0.0
BFAR,0.0,1.0
BLOC1S2,0.0,1.0
BMP2,1.0,0.0
BOLL,3.0,0.0
BRAP,1.0,0.0
BRCA2,2.0,0.0
BRMS1,0.0,1.0
BRWD1,0.0,1.0
BTN2A1,0.0,1.0
BTNL2,10.0,0.0
BUD13,1.0,0.0
C10orf32,0.0,2.0
C11orf10,3.0,0.0
C12orf43,0.0,3.0
C12orf65,0.0,1.0
C15orf38,0.0,1.0
C15orf57,0.0,1.0
C16orf13,0.0,1.0
C18orf45,2.0,0.0
C1QTNF4,0.0,4.0
C1orf213,0.0,1.0
C1orf85,4.0,1.0
C2,0.0,1.0
C2orf43,0.0,3.0
C5,2.0,0.0
C5orf37,1.0,0.0
C6orf106,6.0,1.0
C6orf106 ,0.0,1.0
C6orf204,1.0,0.0
C6orf48,0.0,6.0
C6orf48 ,0.0,1.0
C6orf57,0.0,1.0
C9orf156,0.0,1.0
CABLES1,2.0,0.0
CADM2,1.0,1.0
CALCOCO2,0.0,1.0
CALCRL,1.0,1.0
CAMK1D,1.0,1.0
CAMK2B,1.0,0.0
CAMKK2,0.0,3.0
CAPZA1,0.0,1.0
CAPZA2,0.0,1.0
CARS,0.0,2.0
CASD1,0.0,1.0
CAST,0.0,1.0
CBLN3,2.0,0.0
CBX3,0.0,1.0
CCDC104,0.0,1.0
CCDC121,3.0,0.0
CCDC92,3.0,4.0
CCR2,1.0,0.0
CCR3,1.0,0.0
CCT3,4.0,1.0
CDC123,2.0,0.0
CDC42SE1,0.0,1.0
CDH13,3.0,3.0
CDK12,0.0,1.0
CDK2AP1,0.0,3.0
CDKN2A,2.0,0.0
CDKN2B,3.0,3.0
CEBPA,1.0,0.0
CEBPG,0.0,3.0
CELSR2,1.0,1.0
CEP164,0.0,2.0
CEP41,0.0,1.0
CEP70,0.0,1.0
CEP85L,0.0,1.0
CERS2,2.0,0.0
CERS4,1.0,1.0
CETP,11.0,3.0
CHCHD9,1.0,0.0
CHST8,1.0,0.0
CILP2,2.0,0.0
CITED2,1.0,1.0
CLIC1,0.0,1.0
CLIP1,1.0,1.0
CLSTN2,0.0,1.0
CLUAP1,0.0,1.0
CMIP,1.0,1.0
CMPK1,0.0,1.0
CNN3,0.0,1.0
COBLL1,13.0,5.0
COL12A1,0.0,1.0
COL17A1,5.0,0.0
COPZ2,0.0,1.0
COQ10B,0.0,1.0
COX15,0.0,1.0
COX19,0.0,1.0
CPEB4,1.0,1.0
CPNE1,0.0,2.0
CPSF6,0.0,1.0
CPT1A,2.0,0.0
CRLS1,0.0,1.0
CRYZ,1.0,1.0
CSNK1E,0.0,1.0
CSNK2B,0.0,4.0
CTBP1-AS1,0.0,1.0
CTCFL,1.0,0.0
CTDNEP1,0.0,1.0
CTDSP1,0.0,1.0
CTF1,2.0,0.0
CTSA,0.0,1.0
CTSB,0.0,1.0
CTSH,0.0,1.0
CUBN,2.0,0.0
CUGBP1,4.0,0.0
CYB561D1,0.0,1.0
CYBA,1.0,0.0
CYC1,0.0,1.0
CYP17A1,3.0,0.0
CYP19A1,0.0,1.0
CYP21A2,2.0,0.0
CYP26A1,2.0,0.0
CYP27A1,0.0,1.0
CYP39A1,0.0,1.0
CYP3A4,1.0,0.0
CYP4A,1.0,0.0
CYP4V2,0.0,2.0
CYP4Z1,0.0,1.0
CYP7A1,3.0,0.0
DAB2IP,1.0,1.0
DAGLB,1.0,0.0
DARC,1.0,0.0
DCUN1D5,0.0,1.0
DDX28,0.0,1.0
DDX6,0.0,1.0
DECR2,0.0,1.0
DHX33,0.0,1.0
DHX38,2.0,1.0
DLG4,2.0,0.0
DLGAP2,1.0,0.0
DMXL2,1.0,0.0
DNAH10,2.0,0.0
DNAJB4,0.0,1.0
DNAJC13,0.0,1.0
DNLZ,0.0,1.0
DNM3,1.0,0.0
DNTTIP1,0.0,1.0
DOCK7,3.0,2.0
DOT1L,1.0,0.0
DPP7,0.0,1.0
DPYSL5,2.0,0.0
DR1,0.0,1.0
DSCAML1,1.0,0.0
DSTN,0.0,1.0
DUSP3,0.0,1.0
DYNLL1,0.0,1.0
ECHDC1,0.0,1.0
ECHDC3,0.0,1.0
EDEM2,0.0,3.0
EDN3,1.0,0.0
EFEMP1,0.0,1.0
EHBP1,6.0,2.0
EIF3J,0.0,1.0
EIF5A,0.0,1.0
EIF6,0.0,1.0
EMILIN1,0.0,1.0
ENDOV,0.0,1.0
ENPEP,1.0,1.0
EPB41L1,0.0,1.0
EPB41L4B,1.0,0.0
EPHB4,3.0,0.0
ERAP1,0.0,1.0
ERGIC3,3.0,1.0
ERICH1,0.0,1.0
ESCO1,0.0,1.0
ETFDH,1.0,1.0
ETV1,0.0,1.0
EVI5,4.0,1.0
EXOC6,0.0,1.0
EYA1,0.0,1.0
EYA2,1.0,1.0
F11,2.0,0.0
F2,0.0,1.0
F5,3.0,2.0
FADS1,4.0,5.0
FADS2,4.0,0.0
FADS3,9.0,0.0
FAM101B,0.0,1.0
FAM117B,1.0,1.0
FAM13A,2.0,1.0
FAM21C,0.0,1.0
FAM228A,0.0,1.0
FAM47E,0.0,1.0
FAM69A,0.0,1.0
FAS,0.0,1.0
FCER1A,1.0,1.0
FCGR2A,2.0,0.0
FCGR2B,2.0,0.0
FGF14,0.0,1.0
FGF5,1.0,0.0
FGFR4,1.0,0.0
FGG,1.0,0.0
FHOD1,0.0,1.0
FITM2,1.0,0.0
FMO1,0.0,1.0
FN3K,1.0,0.0
FN3KRP,0.0,1.0
FNBP4,0.0,1.0
FOLH1,1.0,0.0
FOXE1,1.0,0.0
FOXO3,1.0,1.0
FRK,2.0,1.0
FRMD5,4.0,0.0
FST,0.0,2.0
FSTL1,0.0,1.0
FTH1,0.0,6.0
FTSJ3,0.0,1.0
FXYD6,0.0,1.0
FYCO1,0.0,1.0
G6PC2,3.0,0.0
GALNT10,1.0,1.0
GALNT2,1.0,1.0
GATAD2A,0.0,2.0
GATC,0.0,1.0
GATS,0.0,1.0
GCC1,1.0,0.0
GCK,2.0,0.0
GCKR,9.0,0.0
GCLC,0.0,1.0
GCN1L1,0.0,1.0
GDF5,6.0,0.0
GFOD2,0.0,1.0
GIGYF1,0.0,1.0
GIP,2.0,0.0
GIPC2,0.0,1.0
GLIPR2,0.0,1.0
GLIS3,2.0,1.0
GLS2,1.0,0.0
GNAS,1.0,0.0
GNAT2,3.0,0.0
GNL3,7.0,3.0
GORAB,3.0,0.0
GPANK1,0.0,2.0
GPC6,1.0,1.0
GPIHBP1,0.0,1.0
GPR109A,2.0,0.0
GPR146,3.0,1.0
GPR22,0.0,1.0
GPR56,0.0,1.0
GPRC5B,3.0,1.0
GPSM1,3.0,0.0
GRB14,2.0,3.0
GSDMA,0.0,1.0
GSDMD,0.0,1.0
GSK3B,3.0,1.0
GSTM3,0.0,2.0
GTF2H1,0.0,1.0
GTF3A,3.0,0.0
GUCY1A3,1.0,1.0
GVI1,4.0,0.0
H2AFV,0.0,1.0
HAS1,2.0,0.0
HBS1L,2.0,1.0
HCG27,6.0,0.0
HCP5,0.0,2.0
HDGF,2.0,1.0
HERPUD1,0.0,5.0
HEYL,0.0,1.0
HFE,1.0,1.0
HHEX,1.0,0.0
HIF1AN,2.0,1.0
HIRIP3,0.0,1.0
HK1,1.0,1.0
HLA,7.0,0.0
HLA-B,6.0,3.0
HLA-DMA,0.0,2.0
HLA-DOB,0.0,3.0
HLA-DRA,10.0,1.0
HLA-E,0.0,3.0
HMG1L1,1.0,0.0
HMG20A,1.0,1.0
HMGA1,1.0,0.0
HMGA2,2.0,0.0
HMGCR,1.0,2.0
HMGN1,0.0,1.0
HMGXB4,0.0,1.0
HNF1A,13.0,0.0
HNF4A,1.0,0.0
HOXA11,2.0,0.0
HOXA5,0.0,1.0
HOXA6,0.0,1.0
HOXB2,0.0,1.0
HOXB3,0.0,1.0
HOXB4,0.0,1.0
HOXB5,7.0,1.0
HOXC13,1.0,0.0
HOXC4,2.0,2.0
HOXC5,2.0,0.0
HOXC6,2.0,0.0
HOXC8,0.0,1.0
HP,2.0,1.0
HPR,2.0,0.0
HPS5,3.0,0.0
HS6ST3,1.0,0.0
HSD17B12,1.0,1.0
HSD17B13,0.0,1.0
HSD17B8,0.0,1.0
HSP90B1,1.0,1.0
HSPA1B,0.0,5.0
HYAL1,0.0,1.0
ICA1L,0.0,2.0
IFT46,0.0,1.0
IGF1,1.0,1.0
IGF2BP2,1.0,1.0
IGF2R,0.0,1.0
IKBKB,0.0,1.0
INF2,0.0,1.0
INO80E,5.0,1.0
INSL4,0.0,1.0
INSR,1.0,1.0
IRAK3,0.0,1.0
IREB2,0.0,2.0
IRF1,0.0,1.0
IRS1,1.0,1.0
ITGAM,0.0,2.0
ITGB6,4.0,0.0
ITIH4,8.0,2.0
ITPR2,1.0,0.0
IVD,3.0,1.0
JAZF1,1.0,1.0
JMJD1C,2.0,1.0
JUND,2.0,1.0
KAT5,2.0,0.0
KAT8,2.0,2.0
KCNE2,2.0,0.0
KCNJ11,1.0,0.0
KCNK3,1.0,0.0
KCNMB4,0.0,1.0
KCNQ1,2.0,0.0
KCTD10,0.0,1.0
KCTD15,1.0,0.0
KHK,0.0,1.0
KHNYN,0.0,1.0
KIAA0323,2.0,0.0
KIAA0999,3.0,0.0
KIAA1683,0.0,1.0
KIF3A,0.0,1.0
KL,0.0,1.0
KLF14,4.0,1.0
KLHDC10,0.0,2.0
KLHL31,2.0,1.0
KLHL8,4.0,1.0
KLKB1,1.0,0.0
KLRG1,0.0,1.0
KNOP1,0.0,1.0
KNSTRN,0.0,1.0
KPNB1,0.0,1.0
KREMEN1,3.0,0.0
LACTB,5.0,2.0
LARP6,2.0,2.0
LCAT,11.0,0.0
LDHA,0.0,1.0
LDLR,5.0,0.0
LEKR1,2.0,0.0
LEP,1.0,1.0
LILRA3,1.0,0.0
LILRB2,1.0,1.0
LILRB5,0.0,1.0
LIN7C,0.0,2.0
LINC00310,0.0,1.0
LIPA,2.0,1.0
LLGL1,0.0,1.0
LOC100287559,3.0,0.0
LOC286083,1.0,0.0
LOC645044,3.0,0.0
LPA,2.0,0.0
LPAL2,3.0,0.0
LPGAT1,1.0,1.0
LPL,3.0,3.0
LRP1,5.0,1.0
LRP4,3.0,0.0
LRRC7,1.0,0.0
LSM12,0.0,1.0
LSM14A,0.0,1.0
LTF,0.0,1.0
LY75,0.0,1.0
LYPLAL1,1.0,1.0
LYZ,0.0,1.0
M6PR,0.0,1.0
MACF1,3.0,1.0
MACROD1,2.0,0.0
MADD,10.0,0.0
MAEA,1.0,1.0
MAFB,2.0,2.0
MAFF,0.0,1.0
MAP1LC3A,0.0,1.0
MAP2K5,2.0,2.0
MAP3K11,0.0,1.0
MAPKAPK3,0.0,1.0
MARCH2,0.0,1.0
MARCH5,0.0,1.0
MARCH8,1.0,0.0
MATK,1.0,0.0
MBOAT7,3.0,0.0
MCM6,0.0,1.0
MDH1,0.0,2.0
MDM2,0.0,1.0
MEGF9,0.0,1.0
MEST,0.0,1.0
MET,2.0,1.0
METTL18,0.0,1.0
METTL21B,0.0,2.0
METTL2B,0.0,1.0
MFSD7,0.0,1.0
MGC21675,2.0,0.0
MGLL,0.0,1.0
MIA3,2.0,1.0
MICA,0.0,1.0
MICB,10.0,1.0
MIEN1,0.0,1.0
MIR129,1.0,0.0
MKRN2,0.0,1.0
MLEC,0.0,1.0
MLL5,0.0,1.0
MLXIPL,7.0,3.0
MMAB,2.0,1.0
MORF4L1,2.0,0.0
MOV10,2.0,0.0
MPHOSPH9,6.0,0.0
MPP3,3.0,1.0
MPV17,0.0,1.0
MRAS,1.0,1.0
MRGPRF,0.0,2.0
MRPL21,0.0,1.0
MRPL33,3.0,2.0
MRPL54,0.0,1.0
MRPS22,2.0,0.0
MRPS6,2.0,0.0
MS4A2,0.0,1.0
MS4A4A,0.0,1.0
MS4A4E,6.0,0.0
MS4A6A,0.0,1.0
MS4A6E,0.0,1.0
MS4A7,0.0,1.0
MSC,1.0,0.0
MSL2L1,1.0,0.0
MT1E,0.0,1.0
MT1X,0.0,1.0
MTCH2,8.0,6.0
MTIF3,3.0,1.0
MTMR9,0.0,1.0
MUC3,3.0,0.0
MVK,2.0,0.0
MXD3,0.0,1.0
MYEOV,1.0,0.0
MYO6,2.0,1.0
MYO9A,0.0,1.0
MYO9B,1.0,0.0
MYOF,0.0,1.0
N4BP2L2,0.0,1.0
NAAA,0.0,1.0
NAP1L5,0.0,1.0
NAT8,2.0,0.0
NBPF3,0.0,1.0
NCAN,3.0,0.0
NCOA1,0.0,1.0
NDE1,0.0,1.0
NDUFB8,2.0,0.0
NDUFS2,0.0,1.0
NDUFS3,4.0,0.0
NEK4,0.0,3.0
NEO1,0.0,1.0
NFATC2IP,0.0,2.0
NFATC3,0.0,3.0
NFKBIL1,0.0,1.0
NIPSNAP1,0.0,1.0
NISCH,1.0,1.0
NKX3-1,1.0,0.0
NLRC3,2.0,1.0
NLRP1,0.0,1.0
NME4,0.0,1.0
NME7,1.0,2.0
NMU,2.0,0.0
NOSTRIN,0.0,2.0
NOTCH4,0.0,7.0
NPC1L1,3.0,1.0
NPEPPS,0.0,1.0
NPHP3,0.0,1.0
NR0B2,4.0,0.0
NR1H3,8.0,4.0
NRBF2,0.0,1.0
NRBP1,0.0,2.0
NRXN3,1.0,0.0
NSMAF,0.0,1.0
NSUN2,0.0,1.0
NT5C2,0.0,1.0
NT5DC1,0.0,1.0
NT5DC2,7.0,3.0
NTAN1,0.0,1.0
NUCB2,0.0,1.0
NUDCD3,0.0,1.0
NUDT3,1.0,0.0
NUP88,0.0,2.0
NUTF2,0.0,2.0
OASL,2.0,2.0
OBFC1,0.0,1.0
OLFM2,0.0,1.0
OPLAH,2.0,0.0
OR10J1,1.0,0.0
OR10J5,1.0,0.0
ORMDL3,0.0,1.0
OSBPL7,4.0,0.0
OSER1,0.0,1.0
P2RX4,0.0,2.0
P4HA2,0.0,1.0
PABPC4,3.0,1.0
PACS1,3.0,1.0
PAPD7,1.0,0.0
PAQR9,1.0,0.0
PARP10,0.0,1.0
PAX4,2.0,0.0
PAX5,1.0,0.0
PBRM1,0.0,1.0
PBX2,0.0,5.0
PBX4,2.0,0.0
PCCB,0.0,1.0
PCGF2,0.0,1.0
PCK1,0.0,1.0
PCMTD1,0.0,1.0
PCOLCE2,0.0,1.0
PCSK1,2.0,0.0
PCSK7,2.0,1.0
PDE3A,2.0,2.0
PDE8B,0.0,1.0
PDGFC,1.0,1.0
PDGFD,2.0,1.0
PDHB,0.0,1.0
PDIA3,0.0,1.0
PDLIM4,0.0,1.0
PDS5B,0.0,2.0
PDXDC1,6.0,3.0
PDZK1IP1,0.0,1.0
PEMT,4.0,2.0
PEPD,6.0,4.0
PEX6,0.0,2.0
PGAP1,0.0,1.0
PGAP3,0.0,1.0
PGPEP1,1.0,1.0
PHC1,3.0,1.0
PHGDH,1.0,0.0
PHLDB1,3.0,0.0
PIEZO1,0.0,1.0
PIGV,4.0,1.0
PIK3CG,1.0,0.0
PINX1,2.0,0.0
PLA2G15,0.0,1.0
PLA2G6,3.0,0.0
PLA2G7,5.0,1.0
PLA2R1,0.0,1.0
PLCD4,0.0,1.0
PLCL1,3.0,0.0
PLD2,2.0,0.0
PLEC,1.0,1.0
PLEC1,1.0,0.0
PLN,1.0,0.0
PLRG1,0.0,1.0
PLTP,5.0,0.0
PLVAP,0.0,1.0
PLXNA4,0.0,1.0
PMS2L11,1.0,0.0
PMVK,2.0,0.0
PNPO,0.0,2.0
POGLUT1,0.0,1.0
POLM,0.0,1.0
POLR1D,0.0,1.0
POMC,1.0,0.0
POU5F1,3.0,0.0
PPARG,3.0,0.0
PPM1M,0.0,3.0
PPP1R11,1.0,0.0
PPP1R18,0.0,1.0
PPP1R1B,0.0,1.0
PPP6C,0.0,1.0
PRC1,1.0,0.0
PRKAR2B,0.0,1.0
PRMT7,0.0,2.0
PROCR,3.0,2.0
PRRC2A,0.0,2.0
PRRX1,0.0,1.0
PSMB9,0.0,1.0
PSMC3,0.0,3.0
PSMD5,0.0,1.0
PSORS1C1,0.0,3.0
PSORS1C3,0.0,2.0
PSRC1,2.0,1.0
PTGER3,0.0,1.0
PTH1R,0.0,1.0
PVRL2,0.0,2.0
PXK,3.0,1.0
R3HDML,1.0,0.0
RAB3GAP1,1.0,0.0
RAB3IL1,2.0,0.0
RABEP1,5.0,2.0
RABEP2,4.0,0.0
RAC1,0.0,1.0
RAF1,1.0,0.0
RAP1GAP2,0.0,2.0
RASD1,2.0,0.0
RASL11A,0.0,1.0
RBM14,0.0,1.0
RBM5,4.0,0.0
RBM6,0.0,1.0
RBMS1,1.0,2.0
RCCD1,0.0,1.0
REXO4,0.0,1.0
RFC4,0.0,5.0
RFT1,0.0,2.0
RFX7,1.0,1.0
RGMB,0.0,1.0
RHCE,0.0,1.0
RHD,0.0,1.0
RILPL2,0.0,1.0
RIOK3,0.0,1.0
RIPK3,0.0,1.0
RNF213,3.0,1.0
RNF5,0.0,4.0
RP11-541N10.3,0.0,1.0
RPAIN,0.0,1.0
RPL27A,4.0,1.0
RPS27L,0.0,1.0
RPS6KB1,0.0,1.0
RQCD1,0.0,1.0
RREB1,2.0,1.0
RRNAD1,0.0,1.0
RSPO3,6.0,3.0
RSU1,0.0,1.0
RTFDC1,0.0,1.0
RWDD3,2.0,2.0
SBK1,1.0,0.0
SBNO1,3.0,1.0
SCARB1,1.0,0.0
SCARB2,4.0,1.0
SCD,5.0,1.0
SCN2A,0.0,1.0
SCRN2,0.0,1.0
SCUBE2,0.0,2.0
SDAD1,0.0,1.0
SDCBP,0.0,1.0
SDCCAG3,0.0,1.0
SDHAF4 (C6orf57),1.0,0.0
SEC31B,2.0,1.0
SEMA3B,0.0,1.0
SEMA4A,0.0,1.0
SERF2,0.0,1.0
SERGEF,0.0,1.0
SERPINB9,0.0,1.0
SETD2,2.0,0.0
SETD8,0.0,1.0
SF3A2,1.0,0.0
SF3B1,0.0,1.0
SFR1,0.0,1.0
SFRP1,0.0,1.0
SFXN2,5.0,0.0
SGSM2,2.0,0.0
SH2B1,8.0,2.0
SIDT2,0.0,4.0
SKIV2L,0.0,3.0
SLC11A1,0.0,1.0
SLC12A9,3.0,0.0
SLC17A4,1.0,0.0
SLC22A3,2.0,1.0
SLC22A4,6.0,1.0
SLC22A5,0.0,1.0
SLC25A27,0.0,1.0
SLC35F1,1.0,0.0
SLC35F6,0.0,1.0
SLC38A10,0.0,1.0
SLC38A11,0.0,4.0
SLC39A13,0.0,1.0
SLC39A8,1.0,1.0
SLC44A2,1.0,0.0
SLC5A3,2.0,0.0
SLC5A6,0.0,3.0
SLC7A6,1.0,0.0
SLK,0.0,1.0
SMARCA4,0.0,3.0
SMARCE1,0.0,1.0
SMCR3,2.0,0.0
SMEK2,1.0,0.0
SMG5,0.0,1.0
SMG6,3.0,0.0
SMIM4,0.0,4.0
SND1,1.0,0.0
SNF8,2.0,0.0
SNRPC,0.0,3.0
SNRPD1,0.0,1.0
SNX10,2.0,1.0
SNX13,1.0,1.0
SNX17,0.0,2.0
SNX21,0.0,2.0
SNX5,1.0,0.0
SOGA3,0.0,2.0
SOX7,0.0,3.0
SPARCL1,0.0,1.0
SPATA5,1.0,1.0
SPPL3,0.0,1.0
SPRYD4,0.0,1.0
SPTY2D1,2.0,1.0
SRD5A3,0.0,1.0
SRPK2,1.0,0.0
SRR,4.0,3.0
SRRT,3.0,0.0
SSPN,1.0,1.0
SSR1,1.0,1.0
SSR3,0.0,1.0
ST7L,0.0,1.0
STAB1,6.0,0.0
STARD13,3.0,1.0
STARD3,9.0,1.0
STAT6,0.0,1.0
STC1,0.0,1.0
STK19,0.0,1.0
STX3,0.0,1.0
SUGP2,0.0,1.0
SUPT7L,0.0,1.0
SURF1,0.0,3.0
SURF2,0.0,2.0
SURF4,0.0,1.0
SURF6,0.0,1.0
SYK,1.0,1.0
SYN2,0.0,1.0
TAF11,0.0,1.0
TAGLN,0.0,2.0
TAL1,2.0,0.0
TAP2,0.0,3.0
TAPBP,0.0,1.0
TBKBP1,0.0,1.0
TBL2,2.0,3.0
TBX15,4.0,2.0
TBX6,0.0,1.0
TCEA3,0.0,1.0
TDRD6,0.0,2.0
TH1L,0.0,1.0
TIMP4,0.0,1.0
TIPARP,0.0,1.0
TLE4,0.0,1.0
TLR3,0.0,1.0
TLR4,0.0,1.0
TMBIM4,0.0,1.0
TMC4,0.0,1.0
TMC5,0.0,1.0
TMED4,0.0,2.0
TMED5,0.0,1.0
TMEM110,0.0,2.0
TMEM165,0.0,1.0
TMEM17,0.0,1.0
TMEM184B,0.0,1.0
TMEM194A,0.0,1.0
TMEM219,0.0,1.0
TMEM241,0.0,1.0
TMEM245,0.0,1.0
TMEM258,0.0,7.0
TMEM49,2.0,0.0
TMEM50A,0.0,1.0
TMEM50B,0.0,1.0
TMEM56,0.0,1.0
TMEM57,4.0,1.0
TMEM79,4.0,0.0
TMEM8A,0.0,1.0
TNFAIP8,1.0,1.0
TOM1,3.0,1.0
TOM1L2,0.0,1.0
TOMM40,2.0,0.0
TP53I3,0.0,1.0
TPM1,0.0,2.0
TPRKB,0.0,1.0
TRADD,0.0,1.0
TRDMT1,0.0,1.0
TRIM4,0.0,1.0
TRIM66,0.0,1.0
TRIM8,0.0,1.0
TRIP6,3.0,0.0
TRMT112,0.0,1.0
TRPS1,1.0,1.0
TSEN15,0.0,1.0
TSEN2,0.0,1.0
TSEN34,3.0,1.0
TSG101,0.0,1.0
TSR1,2.0,0.0
TSTA3,0.0,1.0
TTC39B,3.0,3.0
TUB,1.0,0.0
TUBB,0.0,1.0
TUFM,0.0,2.0
TYW3,1.0,0.0
UACA,0.0,1.0
UBASH3B,1.0,1.0
UBE2L3,2.0,1.0
UBE2Z,2.0,1.0
UBXN2B,0.0,1.0
UFSP1,3.0,0.0
UGGT2,0.0,1.0
UHRF1BP1,3.0,5.0
UQCC,0.0,3.0
USMG5,0.0,3.0
USP1,0.0,1.0
USP21,0.0,1.0
USP37,7.0,1.0
VAMP4,0.0,1.0
VARS2,0.0,3.0
VEGFA,4.0,2.0
VEGFB,0.0,1.0
VGLL4,0.0,1.0
VIM,2.0,0.0
VMP1,0.0,1.0
VPS26A,1.0,1.0
VPS53,2.0,1.0
WARS2,4.0,5.0
WBP1L,0.0,1.0
WDPCP,0.0,1.0
WDR12,3.0,0.0
WDR63,0.0,1.0
WDR82,0.0,1.0
WNT8B,2.0,0.0
WRB,0.0,1.0
WTAP,0.0,1.0
XKR6,4.0,0.0
XPA,1.0,0.0
YDJC,0.0,1.0
YEATS4,0.0,1.0
YIPF2,0.0,2.0
YPEL3,0.0,1.0
ZBED3,2.0,1.0
ZBTB42,1.0,0.0
ZC3H3,0.0,1.0
ZC3HC1,1.0,0.0
ZDHHC18,0.0,1.0
ZDHHC24,0.0,1.0
ZFAND2A,0.0,1.0
ZFAND6,1.0,1.0
ZFAT,1.0,1.0
ZNF142,0.0,1.0
ZNF155,0.0,1.0
ZNF226,0.0,1.0
ZNF259,2.0,0.0
ZNF334,0.0,1.0
ZNF423,1.0,1.0
ZNF577,0.0,1.0
ZNF593,0.0,1.0
ZNF600,1.0,1.0
ZNF649,0.0,1.0
ZNF664,2.0,4.0
ZNF800,0.0,1.0
ZNRF3,3.0,1.0
ZP3,0.0,1.0
ZZZ3,3.0,0.0
intergenic,49.0,0.0
